<?xml version="1.0" encoding="utf-8"?>
<extension
	type="plugin"
	version="3.0"
	client="site"
	method="upgrade"
	group="system">
	<name>plg_system_ef4_jmframework</name>
	<creationDate>November 2012</creationDate>
	<author>DJ-Extensions.com LTD</author>
	<copyright>Copyright (C) 2010-2012 DJ-Extensions.com LTD, All rights reserved.</copyright>
	<license> http://www.gnu.org/licenses GNU/GPL</license>
	<authorEmail>contact@dj-extensions.com</authorEmail>
	<authorUrl>http://dj-extensions.com</authorUrl>
	<version>4.6.beta3</version>
	<description>PLG_SYSTEM_JMFRAMEWORK_DESC</description>
	<files>
		<filename plugin="ef4_jmframework">ef4_jmframework.php</filename>
		<filename>index.html</filename>
		<filename>gpl.txt</filename>
		<folder>language</folder>
		<folder>includes</folder>
	</files>
	<config>
		<fields name="params">
			<fieldset name="basic">
			</fieldset>
		</fields>
	</config>
	<updateservers>
		<server type="extension" priority="1" name="EF4 Joomla Monster Framework">http://www.joomla-monster.com/updates/ef4framework.xml</server>
	</updateservers>
</extension>